color,colorLabel,hex
http://www.wikidata.org/entity/Q10931309,Q10931309,1E3124
http://www.wikidata.org/entity/Q1115352,Q1115352,98FF98
http://www.wikidata.org/entity/Q11273328,Q11273328,735340
http://www.wikidata.org/entity/Q11275076,Q11275076,767676
http://www.wikidata.org/entity/Q11277446,Q11277446,35271D
http://www.wikidata.org/entity/Q11277447,Q11277447,561E21
http://www.wikidata.org/entity/Q11277448,Q11277448,413027
http://www.wikidata.org/entity/Q11299443,Q11299443,ECE0D1
http://www.wikidata.org/entity/Q11299444,Q11299444,D6BC96
http://www.wikidata.org/entity/Q11299445,Q11299445,E0C37B
http://www.wikidata.org/entity/Q11299448,Q11299448,E2A665
http://www.wikidata.org/entity/Q11299450,Q11299450,CFAC84
http://www.wikidata.org/entity/Q11521543,Q11521543,E03625
http://www.wikidata.org/entity/Q11521544,Q11521544,B53D27
http://www.wikidata.org/entity/Q11521545,Q11521545,CA4F3C
http://www.wikidata.org/entity/Q11538290,Q11538290,8A604F
http://www.wikidata.org/entity/Q11559789,Q11559789,546C55
http://www.wikidata.org/entity/Q11567021,Q11567021,43625B
http://www.wikidata.org/entity/Q11567022,Q11567022,AAAAAA
http://www.wikidata.org/entity/Q11567023,Q11567023,C5C5C5
http://www.wikidata.org/entity/Q11579208,Q11579208,E7E7E8
http://www.wikidata.org/entity/Q115959703,Q115959703,007B39
http://www.wikidata.org/entity/Q115959703,Q115959703,007B39
http://www.wikidata.org/entity/Q11607727,Q11607727,246029
http://www.wikidata.org/entity/Q11607728,Q11607728,006157
http://www.wikidata.org/entity/Q11607730,Q11607730,354F33
http://www.wikidata.org/entity/Q11625224,Q11625224,973C3F
http://www.wikidata.org/entity/Q11635154,Q11635154,C32829
http://www.wikidata.org/entity/Q11635155,Q11635155,DD3355
http://www.wikidata.org/entity/Q11635156,Q11635156,88474B
http://www.wikidata.org/entity/Q11635157,Q11635157,B2152B
http://www.wikidata.org/entity/Q11635158,Q11635158,852B32
http://www.wikidata.org/entity/Q11635160,Q11635160,7A453D
http://www.wikidata.org/entity/Q11635162,Q11635162,563533
http://www.wikidata.org/entity/Q11660960,Q11660960,234059
http://www.wikidata.org/entity/Q11660961,Q11660961,003F6C
http://www.wikidata.org/entity/Q11660962,Q11660962,00859E
http://www.wikidata.org/entity/Q11660964,Q11660964,2A3444
http://www.wikidata.org/entity/Q11660965,Q11660965,324C51
http://www.wikidata.org/entity/Q11662688,Q11662688,009786
http://www.wikidata.org/entity/Q11662689,Q11662689,003835
http://www.wikidata.org/entity/Q11677708,Q11677708,E3B144
http://www.wikidata.org/entity/Q11677709,Q11677709,988054
http://www.wikidata.org/entity/Q11677710,Q11677710,CA6A1F
http://www.wikidata.org/entity/Q11677908,Q11677908,2A2A2A
http://www.wikidata.org/entity/Q117286085,Q117286085,004F8A
http://www.wikidata.org/entity/Q117286092,Q117286092,00ACD1
http://www.wikidata.org/entity/Q121347242,Q121347242,E31836
http://www.wikidata.org/entity/Q12901869,Q12901869,FF2400
http://www.wikidata.org/entity/Q18657380,Q18657380,C9780C
http://www.wikidata.org/entity/Q18657831,Q18657831,D3CBAF
http://www.wikidata.org/entity/Q18658385,Q18658385,B8DDC8
http://www.wikidata.org/entity/Q18659392,Q18659392,C7EDCC
http://www.wikidata.org/entity/Q20046295,Q20046295,90D7EC
http://www.wikidata.org/entity/Q24836976,Q24836976,625B57
http://www.wikidata.org/entity/Q3556227,Q3556227,A5D152
http://www.wikidata.org/entity/Q3907669,Q3907669,D1E189
http://www.wikidata.org/entity/Q3984546,Q3984546,160F0B
http://www.wikidata.org/entity/Q56324873,Q56324873,3B4B87
http://www.wikidata.org/entity/Q65239920,Q65239920,FFDC00
http://www.wikidata.org/entity/Q87647352,Q87647352,94A8B0
http://www.wikidata.org/entity/Q97342238,Q97342238,F7E19E
http://www.wikidata.org/entity/Q97376472,Q97376472,316745
http://www.wikidata.org/entity/Q105883127,#FFFFFE,FFFFFE
http://www.wikidata.org/entity/Q125706334,Absolute Zero,0048BA
http://www.wikidata.org/entity/Q1770362,Air Force blue,5D8AA8
http://www.wikidata.org/entity/Q131398740,American beauty,A73340
http://www.wikidata.org/entity/Q56273889,Android green,3DDC84
http://www.wikidata.org/entity/Q56273889,Android green,A4C639
http://www.wikidata.org/entity/Q91417704,Ayanami Blue,6DABE4
http://www.wikidata.org/entity/Q4849102,Baker-Miller Pink,FF91AF
http://www.wikidata.org/entity/Q97528669,Berliner Blau,003153
http://www.wikidata.org/entity/Q57305216,Blue (CMYK) (pigment blue),333399
http://www.wikidata.org/entity/Q57305337,Blue (Munsell),0093AF
http://www.wikidata.org/entity/Q57305302,Blue (NCS),0087BD
http://www.wikidata.org/entity/Q111889906,Blurple,5865F2
http://www.wikidata.org/entity/Q112056389,Bright Mango,FF8830
http://www.wikidata.org/entity/Q5025363,Cambridge Blue,A3C1AD
http://www.wikidata.org/entity/Q111960788,Cloudflare Orange 1,F6821F
http://www.wikidata.org/entity/Q18349136,Coyote brown,81613C
http://www.wikidata.org/entity/Q11090565,Dawn Red,E60039
http://www.wikidata.org/entity/Q111889929,Discord Black,000000
http://www.wikidata.org/entity/Q111889919,Discord Fuchsia,EB459E
http://www.wikidata.org/entity/Q111889909,Discord Green,57F287
http://www.wikidata.org/entity/Q111889928,Discord Red,ED4245
http://www.wikidata.org/entity/Q111889913,Discord Yellow,FEE75C
http://www.wikidata.org/entity/Q856862,Dodger blue,1E90FF
http://www.wikidata.org/entity/Q89507824,Duke royal blue,00539B
http://www.wikidata.org/entity/Q97379214,Edo purple,745399
http://www.wikidata.org/entity/Q26187774,English red,AB4E52
http://www.wikidata.org/entity/Q124302392,Ericameria flower yellow,F9C647
http://www.wikidata.org/entity/Q124302510,Ericameria stem teal,BFD8D2
http://www.wikidata.org/entity/Q60785280,Erin,00FF40
http://www.wikidata.org/entity/Q101786150,FT pink,EBC7B2
http://www.wikidata.org/entity/Q12901657,Gray21,363636
http://www.wikidata.org/entity/Q106622682,Gray22,383838
http://www.wikidata.org/entity/Q4009896,Green Legnano,B5D01F
http://www.wikidata.org/entity/Q4009896,Green Legnano,B5D01F
http://www.wikidata.org/entity/Q11607726,Green No. 15,2E8B57
http://www.wikidata.org/entity/Q11607726,Green No. 15,2E8B57
http://www.wikidata.org/entity/Q3776736,Grey-Asparagus,465945
http://www.wikidata.org/entity/Q30950539,Hanada,267CA7
http://www.wikidata.org/entity/Q11676208,Hiwa-iro,CBC547
http://www.wikidata.org/entity/Q24574924,India green,138808
http://www.wikidata.org/entity/Q111080140,Islamic green,009900
http://www.wikidata.org/entity/Q111080140,Islamic green,009900
http://www.wikidata.org/entity/Q61927422,Israel blue,0038B8
http://www.wikidata.org/entity/Q18991864,Kintetsu maroon,9D0023
http://www.wikidata.org/entity/Q11374716,Kyō purple,772F6D
http://www.wikidata.org/entity/Q136457814,Light Carmine Pink,E66771
http://www.wikidata.org/entity/Q11617258,Madder,B13546
http://www.wikidata.org/entity/Q11617258,Madder,BF3B53
http://www.wikidata.org/entity/Q3844391,Mandarin orange,FFCC00
http://www.wikidata.org/entity/Q39046969,Marrs green,008C8C
http://www.wikidata.org/entity/Q11278400,Matsuzaki-Shigeru color,A54A5A
http://www.wikidata.org/entity/Q84436827,Microsoft blue,00A2ED
http://www.wikidata.org/entity/Q84436827,Microsoft blue,01A6F0
http://www.wikidata.org/entity/Q84437225,Microsoft green,7DB700
http://www.wikidata.org/entity/Q84437225,Microsoft green,7FBC00
http://www.wikidata.org/entity/Q84436829,Microsoft red,F04E1F
http://www.wikidata.org/entity/Q84436829,Microsoft red,F34F1C
http://www.wikidata.org/entity/Q84437365,Microsoft yellow,FDB900
http://www.wikidata.org/entity/Q84437365,Microsoft yellow,FFBA01
http://www.wikidata.org/entity/Q6845574,Mikado yellow,FFC40C
http://www.wikidata.org/entity/Q25343693,Morello,200042
http://www.wikidata.org/entity/Q69915238,NCS blue,0087BD
http://www.wikidata.org/entity/Q69914710,NCS green,009F6B
http://www.wikidata.org/entity/Q69914380,NCS red,C40233
http://www.wikidata.org/entity/Q69914970,NCS yellow,FFD300
http://www.wikidata.org/entity/Q3007035,Nymphenschenkelfarbe,FEE7F0
http://www.wikidata.org/entity/Q98148703,Orientrot,A7323E
http://www.wikidata.org/entity/Q106918430,Pantone 108 C,FEDB00
http://www.wikidata.org/entity/Q106918430,Pantone 108 C,FEDB00
http://www.wikidata.org/entity/Q110396570,Pantone 116 C,FFCD00
http://www.wikidata.org/entity/Q107674801,Pantone 123 C,FFC72C
http://www.wikidata.org/entity/Q106918418,Pantone 1505 C,FF6900
http://www.wikidata.org/entity/Q106918418,Pantone 1505 C,FF6900
http://www.wikidata.org/entity/Q106918948,Pantone 1645 C,FF6A39
http://www.wikidata.org/entity/Q106918948,Pantone 1645 C,FF6A39
http://www.wikidata.org/entity/Q106621595,Pantone 165 C,FF6720
http://www.wikidata.org/entity/Q107674802,Pantone 179 C,E03C31
http://www.wikidata.org/entity/Q106940527,Pantone 200 C,BA0C2F
http://www.wikidata.org/entity/Q106940527,Pantone 200 C,BA0C2F
http://www.wikidata.org/entity/Q128034293,Pantone 2001 C,F8E59A
http://www.wikidata.org/entity/Q128034293,Pantone 2001 C,F8E59A
http://www.wikidata.org/entity/Q106926168,Pantone 2003 C,F9E267
http://www.wikidata.org/entity/Q106926168,Pantone 2003 C,F9E267
http://www.wikidata.org/entity/Q106940583,Pantone 203 C,ECB3CB
http://www.wikidata.org/entity/Q106940583,Pantone 203 C,ECB3CB
http://www.wikidata.org/entity/Q106918387,Pantone 2035 C,D6001C
http://www.wikidata.org/entity/Q106918387,Pantone 2035 C,D6001C
http://www.wikidata.org/entity/Q106925206,Pantone 2084 C,7F35B2
http://www.wikidata.org/entity/Q106925206,Pantone 2084 C,7F35B2
http://www.wikidata.org/entity/Q106940464,Pantone 2239 C,00CFB4
http://www.wikidata.org/entity/Q106940464,Pantone 2239 C,00CFB4
http://www.wikidata.org/entity/Q106918436,Pantone 2423 C,00AA13
http://www.wikidata.org/entity/Q106918436,Pantone 2423 C,00AA13
http://www.wikidata.org/entity/Q106918449,Pantone 2597 C,5C068C
http://www.wikidata.org/entity/Q106918449,Pantone 2597 C,5C068C
http://www.wikidata.org/entity/Q106620932,Pantone 268 C,582C83
http://www.wikidata.org/entity/Q106918444,Pantone 2758 C,001E62
http://www.wikidata.org/entity/Q106918444,Pantone 2758 C,001E62
http://www.wikidata.org/entity/Q110396519,Pantone 280 C,012269
http://www.wikidata.org/entity/Q110396519,Pantone 280 C,012269
http://www.wikidata.org/entity/Q97624378,Pantone 280 U,3C4981
http://www.wikidata.org/entity/Q97623821,Pantone 282 U,434967
http://www.wikidata.org/entity/Q106918440,Pantone 293 C,003DA5
http://www.wikidata.org/entity/Q106918440,Pantone 293 C,003DA5
http://www.wikidata.org/entity/Q94689768,Pantone 2935 C,0057B8
http://www.wikidata.org/entity/Q106923466,Pantone 297 C,71C5E8
http://www.wikidata.org/entity/Q106923466,Pantone 297 C,71C5E8
http://www.wikidata.org/entity/Q106622686,Pantone 310 C,6AD1E3
http://www.wikidata.org/entity/Q110396943,Pantone 421 C,B2B4B1
http://www.wikidata.org/entity/Q97624424,Pantone 432 U,676C73
http://www.wikidata.org/entity/Q114876979,Pantone 4625 U,532E1F
http://www.wikidata.org/entity/Q107311245,Pantone 485 C,DA291C
http://www.wikidata.org/entity/Q97623544,Pantone 567 U,4A635D
http://www.wikidata.org/entity/Q105036818,Pantone 712 C,FCC89B
http://www.wikidata.org/entity/Q97623594,Pantone 7406 C,FFCB05
http://www.wikidata.org/entity/Q114877009,Pantone 7406 U,F1C500
http://www.wikidata.org/entity/Q136525233,Pantone 803 C,FFE900
http://www.wikidata.org/entity/Q105036822,Pantone 812 C,FF5FA2
http://www.wikidata.org/entity/Q110397017,Pantone Blue 072 C,10059F
http://www.wikidata.org/entity/Q109591831,Pantone Reflex Blue,001489
http://www.wikidata.org/entity/Q3894699,Papaya whip,FFEFD5
http://www.wikidata.org/entity/Q11144247,Persian Indigo,32127A
http://www.wikidata.org/entity/Q5922149,Persian green,00A693
http://www.wikidata.org/entity/Q5922149,Persian green,00A693
http://www.wikidata.org/entity/Q8217074,Persimmon,EC5800
http://www.wikidata.org/entity/Q24239857,Pink,FFC0DB
http://www.wikidata.org/entity/Q103888297,Princeton orange,E87722
http://www.wikidata.org/entity/Q84237818,Rebecca purple,663399
http://www.wikidata.org/entity/Q25349006,Reseda green,587246
http://www.wikidata.org/entity/Q25349006,Reseda green,587246
http://www.wikidata.org/entity/Q25349006,Reseda green,6C7C59
http://www.wikidata.org/entity/Q25349006,Reseda green,6C7C59
http://www.wikidata.org/entity/Q3641120,Savoy blue,4B61D1
http://www.wikidata.org/entity/Q3641120,Savoy blue,4B61D1
http://www.wikidata.org/entity/Q134313514,Seymour Purple,4E2983
http://www.wikidata.org/entity/Q11502631,Shinbashi colour,59B9C6
http://www.wikidata.org/entity/Q71460159,Skagen yellow,E5B165
http://www.wikidata.org/entity/Q71460159,Skagen yellow,F2C284
http://www.wikidata.org/entity/Q126888533,Stanford Cardinal Red,8C1515
http://www.wikidata.org/entity/Q124216405,Telltale red,962F25
http://www.wikidata.org/entity/Q112732593,Tyrian purple,990024
http://www.wikidata.org/entity/Q10927920,Tǔ huángsè,E89B00
http://www.wikidata.org/entity/Q2145530,UN blue,009EDB
http://www.wikidata.org/entity/Q97106579,Vegas gold,C5B358
http://www.wikidata.org/entity/Q8047350,Yale Blue,00356B
http://www.wikidata.org/entity/Q11677801,Yellow Green No. 6,7BAB4F
http://www.wikidata.org/entity/Q11677801,Yellow Green No. 6,7BAB4F
http://www.wikidata.org/entity/Q65034853,Zima blue,5BC2E7
http://www.wikidata.org/entity/Q106510555,amphora,D88256
http://www.wikidata.org/entity/Q97377848,ancient purple,8C6589
http://www.wikidata.org/entity/Q2853007,anthracite,2B292E
http://www.wikidata.org/entity/Q19361243,antique pink,D47479
http://www.wikidata.org/entity/Q123852956,antique ruby,841B2D
http://www.wikidata.org/entity/Q2553431,army green,4B5320
http://www.wikidata.org/entity/Q3776737,ash grey,E4E5E0
http://www.wikidata.org/entity/Q2866788,asparagus,7BA05B
http://www.wikidata.org/entity/Q131618362,avocado,568203
http://www.wikidata.org/entity/Q25336659,azalea,D3305D
http://www.wikidata.org/entity/Q2294901,baby blue,89CFF0
http://www.wikidata.org/entity/Q110102807,baby powder,FEFEFA
http://www.wikidata.org/entity/Q124302386,basalt black,3E3E3E
http://www.wikidata.org/entity/Q109442450,battleship grey,848482
http://www.wikidata.org/entity/Q25402007,beige green,BEBD7F
http://www.wikidata.org/entity/Q123852873,big dip o'ruby,9C2542
http://www.wikidata.org/entity/Q2904722,bisque,FFE4C4
http://www.wikidata.org/entity/Q76011056,bister,3D2B1F
http://www.wikidata.org/entity/Q112732637,black russian,025DD2
http://www.wikidata.org/entity/Q115413850,blackish,2C2C2A
http://www.wikidata.org/entity/Q124328099,blackish-purple,291E29
http://www.wikidata.org/entity/Q90278470,blanched almond,FFEBCD
http://www.wikidata.org/entity/Q115918071,blond,FAF0BE
http://www.wikidata.org/entity/Q11660963,blue no. 24,00B2E5
http://www.wikidata.org/entity/Q121715819,blue-magenta,4B0082
http://www.wikidata.org/entity/Q114420553,bone white,F9F6EE
http://www.wikidata.org/entity/Q3556203,bottle green,006A4E
http://www.wikidata.org/entity/Q109441995,brass,B5A642
http://www.wikidata.org/entity/Q98111784,brick red,CB4154
http://www.wikidata.org/entity/Q2905897,bright cream,FEFEE2
http://www.wikidata.org/entity/Q93493270,bright orange,E76318
http://www.wikidata.org/entity/Q132858662,bright pastel pink,F6B2D7
http://www.wikidata.org/entity/Q115653670,bright ube,D19FE8
http://www.wikidata.org/entity/Q136525184,bright yellow,FFE900
http://www.wikidata.org/entity/Q60679352,brighter dark red,990000
http://www.wikidata.org/entity/Q24239813,brown special,532F15
http://www.wikidata.org/entity/Q124309091,brownish,9C6D57
http://www.wikidata.org/entity/Q90793919,burlywood,DEB887
http://www.wikidata.org/entity/Q3621276,burnt orange,CC5500
http://www.wikidata.org/entity/Q90799158,cadet blue,5F9EA0
http://www.wikidata.org/entity/Q3621275,cadmium orange,E36122
http://www.wikidata.org/entity/Q4519952,camel hair color,A08040
http://www.wikidata.org/entity/Q4009899,camouflage green,78866B
http://www.wikidata.org/entity/Q110103247,canary,FFFF99
http://www.wikidata.org/entity/Q13631176,candy apple red,FF0800
http://www.wikidata.org/entity/Q133234124,capsicum red,E40F0C
http://www.wikidata.org/entity/Q2937858,caramel,7E3300
http://www.wikidata.org/entity/Q64211725,carmine pink,FB503B
http://www.wikidata.org/entity/Q5043987,carnelian,B31B1B
http://www.wikidata.org/entity/Q3660634,carrot red,ED9133
http://www.wikidata.org/entity/Q2541418,celadon,ACE1AF
http://www.wikidata.org/entity/Q3556204,celadon green,83A697
http://www.wikidata.org/entity/Q115924565,chalk white,E6E9E9
http://www.wikidata.org/entity/Q115924565,chalk white,EAECE9
http://www.wikidata.org/entity/Q115924565,chalk white,FBFFFF
http://www.wikidata.org/entity/Q5069879,champagne,FAF2C5
http://www.wikidata.org/entity/Q109435152,charcoal,36454F
http://www.wikidata.org/entity/Q96803467,charcoal grey,3C4142
http://www.wikidata.org/entity/Q97342321,chartreuse green,D9E367
http://www.wikidata.org/entity/Q11538188,cherry blossom pink,FEEEED
http://www.wikidata.org/entity/Q106065949,chili pepper,9B1B30
http://www.wikidata.org/entity/Q106065949,chili pepper,E32227
http://www.wikidata.org/entity/Q110103231,china blue,53677A
http://www.wikidata.org/entity/Q90809398,cigar brown,6D4F4B
http://www.wikidata.org/entity/Q5120881,cinereous,98817B
http://www.wikidata.org/entity/Q4009897,cinnabar green,58791E
http://www.wikidata.org/entity/Q4009897,cinnabar green,58791E
http://www.wikidata.org/entity/Q5122822,citrine,E4D00A
http://www.wikidata.org/entity/Q2974481,citron,DDD06A
http://www.wikidata.org/entity/Q18658462,clam pink,FDFFF4
http://www.wikidata.org/entity/Q137071644,cloud white,F2F2ED
http://www.wikidata.org/entity/Q4013847,cobalt violet,74489C
http://www.wikidata.org/entity/Q11538718,color of safflower,FFD768
http://www.wikidata.org/entity/Q111812647,cool black,002E63
http://www.wikidata.org/entity/Q106061107,cork,40291D
http://www.wikidata.org/entity/Q90809250,cornsilk,FFF8DC
http://www.wikidata.org/entity/Q106006497,coyote,DDB77B
http://www.wikidata.org/entity/Q87067369,cyan,00FFFF
http://www.wikidata.org/entity/Q20529018,cyclamen,F56FA1
http://www.wikidata.org/entity/Q110102703,daffodil,FFFF31
http://www.wikidata.org/entity/Q90799164,dark  orange,FF8C00
http://www.wikidata.org/entity/Q112083819,dark Teal Tune,115077
http://www.wikidata.org/entity/Q11606233,dark blue,233B6C
http://www.wikidata.org/entity/Q130530219,dark charcoal,333333
http://www.wikidata.org/entity/Q90809255,dark cyan,008B8B
http://www.wikidata.org/entity/Q90809255,dark cyan,008B8B
http://www.wikidata.org/entity/Q90809261,dark goldenrod,B8860B
http://www.wikidata.org/entity/Q113448965,dark indigo,310062
http://www.wikidata.org/entity/Q111851367,dark jungle green,1A2421
http://www.wikidata.org/entity/Q90809266,dark khaki,BDB76B
http://www.wikidata.org/entity/Q90809273,dark magenta,8B008B
http://www.wikidata.org/entity/Q90809281,dark olive green,556B2F
http://www.wikidata.org/entity/Q90809286,dark orchid,9932CC
http://www.wikidata.org/entity/Q115944478,dark ruby,6C4541
http://www.wikidata.org/entity/Q90809303,dark sea green,8FBC8F
http://www.wikidata.org/entity/Q90809308,dark slate blue,483D8B
http://www.wikidata.org/entity/Q90809316,dark slate gray,2F4F4F
http://www.wikidata.org/entity/Q84430751,dark turquoise,00CED1
http://www.wikidata.org/entity/Q90809330,dark violet,9400D3
http://www.wikidata.org/entity/Q124153022,dark yellow,FFCC00
http://www.wikidata.org/entity/Q112732567,deep blue,0C1B32
http://www.wikidata.org/entity/Q89328051,deep pink,FF1493
http://www.wikidata.org/entity/Q112732364,deep purple,391F44
http://www.wikidata.org/entity/Q123852998,deep ruby,843F5B
http://www.wikidata.org/entity/Q90809332,deep sky blue,00BFFF
http://www.wikidata.org/entity/Q3705434,denim,1560BD
http://www.wikidata.org/entity/Q90809337,dim gray,696969
http://www.wikidata.org/entity/Q35625860,dirty white,DBDCDA
http://www.wikidata.org/entity/Q136459339,dove grey,6D6C6C
http://www.wikidata.org/entity/Q132643994,duck-egg blue,C3FBF4
http://www.wikidata.org/entity/Q132643994,duck-egg blue,CDE2E8
http://www.wikidata.org/entity/Q115941768,dull blue,BDCFD2
http://www.wikidata.org/entity/Q115413993,dull red,BB3F3F
http://www.wikidata.org/entity/Q71406823,dusky brown,846655
http://www.wikidata.org/entity/Q109433936,ebony,555D50
http://www.wikidata.org/entity/Q109433917,eerie black,1B1B1B
http://www.wikidata.org/entity/Q133289362,egg white,F1EDE2
http://www.wikidata.org/entity/Q56324355,eggplant,990066
http://www.wikidata.org/entity/Q5347944,eggshell,F0EAD6
http://www.wikidata.org/entity/Q11261134,enji,AE3846
http://www.wikidata.org/entity/Q136459479,fantasy,FAF3F0
http://www.wikidata.org/entity/Q128804553,feijoa,A5D785
http://www.wikidata.org/entity/Q13424722,fern green,4F7942
http://www.wikidata.org/entity/Q90809354,firebrick,B22222
http://www.wikidata.org/entity/Q132496788,flax blue,B5D5E4
http://www.wikidata.org/entity/Q25402474,floral white,FFFAF0
http://www.wikidata.org/entity/Q115653492,foliage green,3E6F58
http://www.wikidata.org/entity/Q112175360,folly,FF004F
http://www.wikidata.org/entity/Q132859887,french beige,A67B5B
http://www.wikidata.org/entity/Q2906503,frosted blue,80D0D0
http://www.wikidata.org/entity/Q5508507,fulvous,E48400
http://www.wikidata.org/entity/Q3757283,gainsboro,DCDCDC
http://www.wikidata.org/entity/Q123575515,gentle blue,B4D0E2
http://www.wikidata.org/entity/Q5610762,ghost white,F8F8FF
http://www.wikidata.org/entity/Q108312069,ginger green,B2B726
http://www.wikidata.org/entity/Q69362239,golden brown,996515
http://www.wikidata.org/entity/Q137832030,green pepper,397D02
http://www.wikidata.org/entity/Q137832030,green pepper,397D02
http://www.wikidata.org/entity/Q4001278,green tea,D0F0C0
http://www.wikidata.org/entity/Q4001278,green tea,D0F0C0
http://www.wikidata.org/entity/Q119267340,green-brown,696006
http://www.wikidata.org/entity/Q113897502,greenish-white,ccffcc
http://www.wikidata.org/entity/Q113897502,greenish-white,e5ffe5
http://www.wikidata.org/entity/Q105996967,greige,B0A999
http://www.wikidata.org/entity/Q115640836,grenadine pink,FF616B
http://www.wikidata.org/entity/Q133176313,ground beef,420005
http://www.wikidata.org/entity/Q133176313,ground beef,B70D15
http://www.wikidata.org/entity/Q133176313,ground beef,EC181D
http://www.wikidata.org/entity/Q901715,gunmetal,020D15
http://www.wikidata.org/entity/Q3305070,harlequin,3FFF00
http://www.wikidata.org/entity/Q3305070,harlequin,3FFF00
http://www.wikidata.org/entity/Q69524026,hazel,B5AE6E
http://www.wikidata.org/entity/Q2296108,heliotrope,DF73FF
http://www.wikidata.org/entity/Q106006725,hickory,B7A28E
http://www.wikidata.org/entity/Q90809376,honeydew,F0FFF0
http://www.wikidata.org/entity/Q90809383,hot pink,FF69B4
http://www.wikidata.org/entity/Q15141721,hunter green,355E3B
http://www.wikidata.org/entity/Q56887977,ice blue,99FFFF
http://www.wikidata.org/entity/Q60679298,illuminating emerald,339966
http://www.wikidata.org/entity/Q11622600,indigo white,EBF6F7
http://www.wikidata.org/entity/Q24239818,insignia red,9B2F25
http://www.wikidata.org/entity/Q2002932,isabelline,F4F0EC
http://www.wikidata.org/entity/Q13582464,jade,00A86B
http://www.wikidata.org/entity/Q13582464,jade,00A86B
http://www.wikidata.org/entity/Q137832049,jalapeño green,0B4906
http://www.wikidata.org/entity/Q137832049,jalapeño green,0B4906
http://www.wikidata.org/entity/Q133187826,jasper,343B36
http://www.wikidata.org/entity/Q123227593,jet black,131513
http://www.wikidata.org/entity/Q132459375,king blue,375184
http://www.wikidata.org/entity/Q3762379,laser lemon,FFFF66
http://www.wikidata.org/entity/Q89274725,lavender blush,FFF0F5
http://www.wikidata.org/entity/Q115640889,lavender gray,C4C3D0
http://www.wikidata.org/entity/Q90809391,lawn green,7CFC00
http://www.wikidata.org/entity/Q115736060,lead grey,7D7D7C
http://www.wikidata.org/entity/Q109433927,licorice,1A1110
http://www.wikidata.org/entity/Q90809429,light  green,90EE90
http://www.wikidata.org/entity/Q90809405,light coral,F08080
http://www.wikidata.org/entity/Q90809411,light cyan,E0FFFF
http://www.wikidata.org/entity/Q90809422,light goldenrod yellow,FAFAD2
http://www.wikidata.org/entity/Q24837001,light grass green,99E64D
http://www.wikidata.org/entity/Q3160411,light jade,3F9877
http://www.wikidata.org/entity/Q3160411,light jade,87E990
http://www.wikidata.org/entity/Q115858501,light lilac,DEC6D3
http://www.wikidata.org/entity/Q25401999,light olive beige,908435
http://www.wikidata.org/entity/Q68365832,light orange,FFA500
http://www.wikidata.org/entity/Q71873134,light pink,FFB6C1
http://www.wikidata.org/entity/Q69692146,light red,FF7F7F
http://www.wikidata.org/entity/Q90277986,light salmon,FFA07A
http://www.wikidata.org/entity/Q90809441,light sea green,20B2AA
http://www.wikidata.org/entity/Q90809445,light sky blue,87CEFA
http://www.wikidata.org/entity/Q90809448,light slate gray,778899
http://www.wikidata.org/entity/Q90809462,light steel blue,B0C4DE
http://www.wikidata.org/entity/Q3631631,light turquoise,AFEEEE
http://www.wikidata.org/entity/Q68223248,light yellow,FFFFE0
http://www.wikidata.org/entity/Q98080812,lime green,32CD32
http://www.wikidata.org/entity/Q110102667,lobster red,FB551C
http://www.wikidata.org/entity/Q110102658,madder,B7282E
http://www.wikidata.org/entity/Q111905166,madder brown,6B3231
http://www.wikidata.org/entity/Q12858979,magenta rose,FF00AF
http://www.wikidata.org/entity/Q70218161,mahogany red,CD4A4C
http://www.wikidata.org/entity/Q25203611,mango,FFC800
http://www.wikidata.org/entity/Q19572932,marigold,F79428
http://www.wikidata.org/entity/Q90809465,medium aquamarine,66CDAA
http://www.wikidata.org/entity/Q90809470,medium blue,0000CD
http://www.wikidata.org/entity/Q90809474,medium orchid,BA55D3
http://www.wikidata.org/entity/Q116786995,medium purple,9370DB
http://www.wikidata.org/entity/Q90809480,medium purple,9370DB
http://www.wikidata.org/entity/Q123852800,medium ruby,CE4676
http://www.wikidata.org/entity/Q90809482,medium sea green,3CB371
http://www.wikidata.org/entity/Q90809486,medium slate blue,7B68EE
http://www.wikidata.org/entity/Q90809487,medium spring green,00FA9A
http://www.wikidata.org/entity/Q22934831,medium turquoise,48D1CC
http://www.wikidata.org/entity/Q137583214,milk chocolate,84563C
http://www.wikidata.org/entity/Q110102849,milk white,F4ECD7
http://www.wikidata.org/entity/Q110102849,milk white,FEFCFF
http://www.wikidata.org/entity/Q106066153,mink,8A7561
http://www.wikidata.org/entity/Q90313161,mint cream,F5FFFA
http://www.wikidata.org/entity/Q90809496,misty rose,FFE4E1
http://www.wikidata.org/entity/Q90809502,moccasin,FFE4B5
http://www.wikidata.org/entity/Q11620271,moegi,A9D159
http://www.wikidata.org/entity/Q56887985,morning blue,8DA399
http://www.wikidata.org/entity/Q15141724,moss green,ADDFAD
http://www.wikidata.org/entity/Q15141724,moss green,ADDFAD
http://www.wikidata.org/entity/Q97376612,moss green,ADDFAD
http://www.wikidata.org/entity/Q106065388,mother of pearl,E9D4C3
http://www.wikidata.org/entity/Q55148403,natural silk color,EDE4CD
http://www.wikidata.org/entity/Q116787015,neon blue,1B03A3
http://www.wikidata.org/entity/Q116787017,neon carrot,FFA343
http://www.wikidata.org/entity/Q116787024,nickel,727472
http://www.wikidata.org/entity/Q105993773,nude,E3BC9A
http://www.wikidata.org/entity/Q4009903,office green,008000
http://www.wikidata.org/entity/Q90809512,old lace,FDF5E6
http://www.wikidata.org/entity/Q101785488,old lace,FFF1E0
http://www.wikidata.org/entity/Q132797426,olivaceous,75765C
http://www.wikidata.org/entity/Q4009902,olive drab,6B8E23
http://www.wikidata.org/entity/Q116787041,olive green,BAB86C
http://www.wikidata.org/entity/Q115959845,opal green,005F4E
http://www.wikidata.org/entity/Q115959845,opal green,005F4E
http://www.wikidata.org/entity/Q115959845,opal green,015D52
http://www.wikidata.org/entity/Q115959845,opal green,015D52
http://www.wikidata.org/entity/Q11521542,orange vermilion,C16543
http://www.wikidata.org/entity/Q60971306,orange-red,FF4500
http://www.wikidata.org/entity/Q122998749,orange-yellow,F8D568
http://www.wikidata.org/entity/Q1925148,orchid,DA70D6
http://www.wikidata.org/entity/Q7126798,palatinate,68246D
http://www.wikidata.org/entity/Q84435145,pale aqua,BED3E5
http://www.wikidata.org/entity/Q15890339,pale denim,5E86C1
http://www.wikidata.org/entity/Q90809519,pale goldenrod,EEE8AA
http://www.wikidata.org/entity/Q133280730,pale grey,E9E4E5
http://www.wikidata.org/entity/Q90809527,pale violet red,DB7093
http://www.wikidata.org/entity/Q115676970,parrot green,8FB24B
http://www.wikidata.org/entity/Q3849855,pastel brown,C3B091
http://www.wikidata.org/entity/Q25336662,pastel green,77DD77
http://www.wikidata.org/entity/Q112246722,pastel pink,FFD1DC
http://www.wikidata.org/entity/Q115858787,pastel red,FF6961
http://www.wikidata.org/entity/Q3900633,peach-orange,FFCC99
http://www.wikidata.org/entity/Q117711817,peach-pink,FA9A85
http://www.wikidata.org/entity/Q117711817,peach-pink,FF9A8A
http://www.wikidata.org/entity/Q15141414,peach-yellow,FADFAD
http://www.wikidata.org/entity/Q90809532,peachpuff,FFDAB9
http://www.wikidata.org/entity/Q3899621,pear,D1E231
http://www.wikidata.org/entity/Q7158021,pearl,EAE0C8
http://www.wikidata.org/entity/Q7158021,pearl,EAE0C8
http://www.wikidata.org/entity/Q106510499,pecan,A36E51
http://www.wikidata.org/entity/Q11535061,persimmon,EC5800
http://www.wikidata.org/entity/Q90809535,peru,CD853F
http://www.wikidata.org/entity/Q112732350,pine forest,33443B
http://www.wikidata.org/entity/Q3556225,pine green,01796F
http://www.wikidata.org/entity/Q119985571,pinkish,FFE4E1
http://www.wikidata.org/entity/Q117750933,pinkish-purple,D34BD6
http://www.wikidata.org/entity/Q114002049,pinkish-white,FFF6F6
http://www.wikidata.org/entity/Q3906414,platinum,E5E4E2
http://www.wikidata.org/entity/Q3108722,plum,843179
http://www.wikidata.org/entity/Q3108722,plum,DDA0DD
http://www.wikidata.org/entity/Q115942166,poppy red,DC343B
http://www.wikidata.org/entity/Q90809540,powder blue,B0E0E6
http://www.wikidata.org/entity/Q109437866,process yellow,FFEF00
http://www.wikidata.org/entity/Q124327881,purplish,750080
http://www.wikidata.org/entity/Q114001780,purplish red,70053B
http://www.wikidata.org/entity/Q114001780,purplish red,B0054B
http://www.wikidata.org/entity/Q106060357,putty,BEAE8A
http://www.wikidata.org/entity/Q106066018,quarry,98A0A5
http://www.wikidata.org/entity/Q19599545,raisin black,242124
http://www.wikidata.org/entity/Q115702282,raven black,242425
http://www.wikidata.org/entity/Q124327873,reddish,C44240
http://www.wikidata.org/entity/Q3762369,reddish Naples yellow,FAC3A2
http://www.wikidata.org/entity/Q115185412,reddish purple,910951
http://www.wikidata.org/entity/Q4006208,robin egg blue,00CCCC
http://www.wikidata.org/entity/Q115945837,rose buff,F6CCB0
http://www.wikidata.org/entity/Q100135995,rose gold,ECC6C1
http://www.wikidata.org/entity/Q111784255,rose pink,FF66CC
http://www.wikidata.org/entity/Q115861882,rose red,C21E56
http://www.wikidata.org/entity/Q119267768,rose-purple,B09FCA
http://www.wikidata.org/entity/Q109440395,rosewood,65000B
http://www.wikidata.org/entity/Q90809547,rosy brown,BC8F8F
http://www.wikidata.org/entity/Q123852722,ruber,CE4676
http://www.wikidata.org/entity/Q84432247,rubine red,D10056
http://www.wikidata.org/entity/Q123852833,ruby red,9B111E
http://www.wikidata.org/entity/Q133189067,ruddy,FF0028
http://www.wikidata.org/entity/Q109442009,rusty red,DA2C43
http://www.wikidata.org/entity/Q90809553,saddle brown,8B4513
http://www.wikidata.org/entity/Q1091453,safety orange,FF8200
http://www.wikidata.org/entity/Q7399114,sage,BCB88A
http://www.wikidata.org/entity/Q112732446,sage green,859477
http://www.wikidata.org/entity/Q132863112,sallow,D9D1B1
http://www.wikidata.org/entity/Q137832067,salsa verde,5E9732
http://www.wikidata.org/entity/Q137832067,salsa verde,5E9732
http://www.wikidata.org/entity/Q24836972,sand beige,E6C3C3
http://www.wikidata.org/entity/Q77595803,sandy brown,F4A460
http://www.wikidata.org/entity/Q1171945,sangria,92000A
http://www.wikidata.org/entity/Q11151270,sea blue,006994
http://www.wikidata.org/entity/Q11151270,sea blue,0B2D64
http://www.wikidata.org/entity/Q90809560,sea green,2E8B57
http://www.wikidata.org/entity/Q612837,seal brown,321414
http://www.wikidata.org/entity/Q106065780,sesame,BAA38B
http://www.wikidata.org/entity/Q30137105,slate blue,6A5ACD
http://www.wikidata.org/entity/Q90809562,snow,FFFAFA
http://www.wikidata.org/entity/Q18669148,snow blue,777BCE
http://www.wikidata.org/entity/Q132673694,snuff brown,85725A
http://www.wikidata.org/entity/Q115733625,sooty,141414
http://www.wikidata.org/entity/Q97191297,spanish red,E60026
http://www.wikidata.org/entity/Q114877269,starlight,F0ECE6
http://www.wikidata.org/entity/Q106056288,steel,738595
http://www.wikidata.org/entity/Q106006649,stout,3B2814
http://www.wikidata.org/entity/Q115208329,sulphur,E5BB26
http://www.wikidata.org/entity/Q128807812,sulu,C6EA80
http://www.wikidata.org/entity/Q11429442,sumi-iro,343434
http://www.wikidata.org/entity/Q124302644,sunset red,EF4136
http://www.wikidata.org/entity/Q4009900,swamp green,ACB78E
http://www.wikidata.org/entity/Q4009900,swamp green,ACB78E
http://www.wikidata.org/entity/Q115733603,swarthy,5E5C59
http://www.wikidata.org/entity/Q2307593,taupe,483C32
http://www.wikidata.org/entity/Q56881339,teal blue,367588
http://www.wikidata.org/entity/Q108219690,technobotanica,00FFC0
http://www.wikidata.org/entity/Q108219690,technobotanica,00FFC0
http://www.wikidata.org/entity/Q90809566,thistle,D8BFD8
http://www.wikidata.org/entity/Q115859278,tile red,7D2917
http://www.wikidata.org/entity/Q105995092,titanium,878681
http://www.wikidata.org/entity/Q93704722,tomato,FF6347
http://www.wikidata.org/entity/Q77459172,turquoise surf,00AFCA
http://www.wikidata.org/entity/Q3535555,turtledove,BBACAC
http://www.wikidata.org/entity/Q11673366,ukon,FABF14
http://www.wikidata.org/entity/Q17990717,ultramarine,120A8F
http://www.wikidata.org/entity/Q115858149,violet red,F75394
http://www.wikidata.org/entity/Q56528582,vivid sky blue,00CCFF
http://www.wikidata.org/entity/Q56528582,vivid sky blue,8DA399
http://www.wikidata.org/entity/Q137374868,walnut brown,5C5248
http://www.wikidata.org/entity/Q24820286,watermelon,FC6C85
http://www.wikidata.org/entity/Q133278763,white wash,F2F4EF
http://www.wikidata.org/entity/Q133278763,white wash,FAF9FE
http://www.wikidata.org/entity/Q119984045,whitish,F3F2ED
http://www.wikidata.org/entity/Q13417144,wisteria,AFB4DB
http://www.wikidata.org/entity/Q105997630,wood,966F33
http://www.wikidata.org/entity/Q11677707,yellow no. 1,FDBC00
http://www.wikidata.org/entity/Q124327868,yellowish-orange,FFAB0F
http://www.wikidata.org/entity/Q124327877,yellowish-red,EC5300
http://www.wikidata.org/entity/Q115121358,yellowish-white,E9F1D0
http://www.wikidata.org/entity/Q115121358,yellowish-white,FFFAD9
http://www.wikidata.org/entity/Q115121358,yellowish-white,FFFFF6
http://www.wikidata.org/entity/Q99211754,yolk yellow,E2B051
http://www.wikidata.org/entity/Q18459573,young shoot color,E0EBAF
http://www.wikidata.org/entity/Q2293227,Amarillo selectivo,FFBA00
http://www.wikidata.org/entity/Q25112525,Azul YInMn,2E5090
http://www.wikidata.org/entity/Q4405716,Azul claro,99FF99
http://www.wikidata.org/entity/Q4405716,Azul claro,97BC62
http://www.wikidata.org/entity/Q7863999,Azul de UCLA,3284BF
http://www.wikidata.org/entity/Q3738728,Barbecho (color),C19A6B
http://www.wikidata.org/entity/Q3832523,Chifón de limón,FFFACD
http://www.wikidata.org/entity/Q1970335,Crudo (color),CDB891
http://www.wikidata.org/entity/Q492305,Eigengrau,16161D
http://www.wikidata.org/entity/Q534583,International Klein Blue,0033CC
http://www.wikidata.org/entity/Q4281308,Marengo,4C5866
http://www.wikidata.org/entity/Q24885519,Pantone 448C,4A412A
http://www.wikidata.org/entity/Q3365600,Parma,CFA0E9
http://www.wikidata.org/entity/Q135011007,Pitufo azul,00B6ED
http://www.wikidata.org/entity/Q1411452,Pizarra,708090
http://www.wikidata.org/entity/Q35793593,RAL 1000,CDBA88
http://www.wikidata.org/entity/Q35793728,RAL 1001,D0B084
http://www.wikidata.org/entity/Q35795072,RAL 1002,C6A664
http://www.wikidata.org/entity/Q35795226,RAL 1003,E5BE01
http://www.wikidata.org/entity/Q35795382,RAL 1004,CDA434
http://www.wikidata.org/entity/Q35795538,RAL 1005,CB8E00
http://www.wikidata.org/entity/Q35795684,RAL 1006,E4A010
http://www.wikidata.org/entity/Q35795841,RAL 1007,DC9D00
http://www.wikidata.org/entity/Q35795992,RAL 1011,8A6642
http://www.wikidata.org/entity/Q35796144,RAL 1012,C7B446
http://www.wikidata.org/entity/Q35796311,RAL 1013,E3D9C6
http://www.wikidata.org/entity/Q35796311,RAL 1013,EAE6CA
http://www.wikidata.org/entity/Q35796473,RAL 1014,E1CC4F
http://www.wikidata.org/entity/Q35796616,RAL 1015,E6D690
http://www.wikidata.org/entity/Q35796790,RAL 1016,F3DE38
http://www.wikidata.org/entity/Q35796948,RAL 1017,F5D033
http://www.wikidata.org/entity/Q35797128,RAL 1018,F8F32B
http://www.wikidata.org/entity/Q35797302,RAL 1019,9E9764
http://www.wikidata.org/entity/Q35797485,RAL 1020,999950
http://www.wikidata.org/entity/Q35797659,RAL 1021,F3DA0B
http://www.wikidata.org/entity/Q2516200,RAL 1023,F0CA00
http://www.wikidata.org/entity/Q2516200,RAL 1023,FAD201
http://www.wikidata.org/entity/Q35798026,RAL 1024,AEA04B
http://www.wikidata.org/entity/Q35798190,RAL 1026,FFFF00
http://www.wikidata.org/entity/Q35798358,RAL 1027,9D9101
http://www.wikidata.org/entity/Q35798536,RAL 1028,F4A900
http://www.wikidata.org/entity/Q35798732,RAL 1032,D6AE01
http://www.wikidata.org/entity/Q35798896,RAL 1033,F3A505
http://www.wikidata.org/entity/Q35799063,RAL 1034,EFA94A
http://www.wikidata.org/entity/Q35799241,RAL 1035,6A5D4D
http://www.wikidata.org/entity/Q35799419,RAL 1036,705335
http://www.wikidata.org/entity/Q35799583,RAL 1037,F39F18
http://www.wikidata.org/entity/Q35799734,RAL 2000,ED760E
http://www.wikidata.org/entity/Q35799892,RAL 2001,C93C20
http://www.wikidata.org/entity/Q13358072,RAL 2002,C63927
http://www.wikidata.org/entity/Q13358072,RAL 2002,CB2821
http://www.wikidata.org/entity/Q35800169,RAL 2003,FF7514
http://www.wikidata.org/entity/Q35800284,RAL 2004,E75B12
http://www.wikidata.org/entity/Q35800284,RAL 2004,F44611
http://www.wikidata.org/entity/Q35800454,RAL 2005,FF2301
http://www.wikidata.org/entity/Q35800613,RAL 2007,FFA420
http://www.wikidata.org/entity/Q35800800,RAL 2008,F75E25
http://www.wikidata.org/entity/Q35800967,RAL 2009,F54021
http://www.wikidata.org/entity/Q35801141,RAL 2010,D84B20
http://www.wikidata.org/entity/Q35801301,RAL 2011,EC7C26
http://www.wikidata.org/entity/Q35801444,RAL 2012,E55137
http://www.wikidata.org/entity/Q35801605,RAL 2013,C35831
http://www.wikidata.org/entity/Q35801762,RAL 3000,A72920
http://www.wikidata.org/entity/Q35801762,RAL 3000,AF2B1E
http://www.wikidata.org/entity/Q35801923,RAL 3001,A52019
http://www.wikidata.org/entity/Q35802093,RAL 3002,A2231D
http://www.wikidata.org/entity/Q35802262,RAL 3003,9B111E
http://www.wikidata.org/entity/Q35802428,RAL 3004,75151E
http://www.wikidata.org/entity/Q35802591,RAL 3005,5E2129
http://www.wikidata.org/entity/Q35802763,RAL 3007,412227
http://www.wikidata.org/entity/Q35802922,RAL 3009,642424
http://www.wikidata.org/entity/Q35803095,RAL 3011,781F19
http://www.wikidata.org/entity/Q35803253,RAL 3012,C1876B
http://www.wikidata.org/entity/Q35803426,RAL 3013,A12312
http://www.wikidata.org/entity/Q35803580,RAL 3014,D36E70
http://www.wikidata.org/entity/Q35803747,RAL 3015,EA899A
http://www.wikidata.org/entity/Q35803934,RAL 3016,B32821
http://www.wikidata.org/entity/Q35804095,RAL 3017,CB555D
http://www.wikidata.org/entity/Q35804095,RAL 3017,E63244
http://www.wikidata.org/entity/Q35804261,RAL 3018,D53032
http://www.wikidata.org/entity/Q35804596,RAL 3022,D95030
http://www.wikidata.org/entity/Q35804763,RAL 3024,F80000
http://www.wikidata.org/entity/Q35804944,RAL 3026,FE0000
http://www.wikidata.org/entity/Q35805100,RAL 3027,C51D34
http://www.wikidata.org/entity/Q35805337,RAL 3028,CB3234
http://www.wikidata.org/entity/Q35805516,RAL 3031,B32428
http://www.wikidata.org/entity/Q35805700,RAL 3032,721422
http://www.wikidata.org/entity/Q35805864,RAL 3033,B44C43
http://www.wikidata.org/entity/Q35806038,RAL 4001,6D3F5B
http://www.wikidata.org/entity/Q35806218,RAL 4002,922B3E
http://www.wikidata.org/entity/Q35806380,RAL 4003,DE4C8A
http://www.wikidata.org/entity/Q35806548,RAL 4004,641C34
http://www.wikidata.org/entity/Q35806720,RAL 4005,6C4675
http://www.wikidata.org/entity/Q35806872,RAL 4006,A03472
http://www.wikidata.org/entity/Q35807030,RAL 4007,4A192C
http://www.wikidata.org/entity/Q35807203,RAL 4008,924E7D
http://www.wikidata.org/entity/Q35807372,RAL 4009,A18594
http://www.wikidata.org/entity/Q35807553,RAL 4010,CF3476
http://www.wikidata.org/entity/Q35807728,RAL 4011,8673A1
http://www.wikidata.org/entity/Q35807896,RAL 4012,6C6874
http://www.wikidata.org/entity/Q35808039,RAL 5000,354D73
http://www.wikidata.org/entity/Q35808196,RAL 5001,1F3438
http://www.wikidata.org/entity/Q35808373,RAL 5002,20214F
http://www.wikidata.org/entity/Q35808558,RAL 5003,1D1E33
http://www.wikidata.org/entity/Q35808729,RAL 5004,18171C
http://www.wikidata.org/entity/Q35808900,RAL 5005,1E2460
http://www.wikidata.org/entity/Q35809074,RAL 5007,3E5F8A
http://www.wikidata.org/entity/Q35809237,RAL 5008,26252D
http://www.wikidata.org/entity/Q35809404,RAL 5009,025669
http://www.wikidata.org/entity/Q35809569,RAL 5010,0E294B
http://www.wikidata.org/entity/Q35809740,RAL 5011,231A24
http://www.wikidata.org/entity/Q35809904,RAL 5012,3B83BD
http://www.wikidata.org/entity/Q35809904,RAL 5012,3B83BD
http://www.wikidata.org/entity/Q35810083,RAL 5013,1E213D
http://www.wikidata.org/entity/Q35810264,RAL 5014,606E8C
http://www.wikidata.org/entity/Q35810428,RAL 5015,2271B3
http://www.wikidata.org/entity/Q35810592,RAL 5017,063971
http://www.wikidata.org/entity/Q35810592,RAL 5017,005A8C
http://www.wikidata.org/entity/Q35810779,RAL 5018,3F888F
http://www.wikidata.org/entity/Q35810954,RAL 5019,1B5583
http://www.wikidata.org/entity/Q35811125,RAL 5020,1D334A
http://www.wikidata.org/entity/Q35811295,RAL 5021,256D7B
http://www.wikidata.org/entity/Q35811470,RAL 5022,252850
http://www.wikidata.org/entity/Q35811636,RAL 5023,49678D
http://www.wikidata.org/entity/Q35811807,RAL 5024,5D9B9B
http://www.wikidata.org/entity/Q35811976,RAL 5025,2A6478
http://www.wikidata.org/entity/Q35812161,RAL 5026,102C54
http://www.wikidata.org/entity/Q35812322,RAL 6000,316650
http://www.wikidata.org/entity/Q35812487,RAL 6001,287233
http://www.wikidata.org/entity/Q35812667,RAL 6002,2D572C
http://www.wikidata.org/entity/Q35812856,RAL 6003,424632
http://www.wikidata.org/entity/Q35813035,RAL 6004,1F3A3D
http://www.wikidata.org/entity/Q35813207,RAL 6005,2F4538
http://www.wikidata.org/entity/Q35813393,RAL 6006,3E3B32
http://www.wikidata.org/entity/Q35813581,RAL 6007,283524
http://www.wikidata.org/entity/Q35813581,RAL 6007,2A3222
http://www.wikidata.org/entity/Q35813581,RAL 6007,2C3222
http://www.wikidata.org/entity/Q35813581,RAL 6007,343B29
http://www.wikidata.org/entity/Q35813758,RAL 6008,39352A
http://www.wikidata.org/entity/Q35813945,RAL 6009,31372B
http://www.wikidata.org/entity/Q35814136,RAL 6010,35682D
http://www.wikidata.org/entity/Q35814313,RAL 6011,587246
http://www.wikidata.org/entity/Q35814483,RAL 6012,343E40
http://www.wikidata.org/entity/Q35814649,RAL 6013,6C7156
http://www.wikidata.org/entity/Q35814811,RAL 6014,47402E
http://www.wikidata.org/entity/Q35814991,RAL 6015,3B3C36
http://www.wikidata.org/entity/Q35815162,RAL 6016,1E5945
http://www.wikidata.org/entity/Q35815337,RAL 6017,4C9141
http://www.wikidata.org/entity/Q13357866,RAL 6018,57A639
http://www.wikidata.org/entity/Q13357866,RAL 6018,61993B
http://www.wikidata.org/entity/Q35815706,RAL 6019,BDECB6
http://www.wikidata.org/entity/Q35815886,RAL 6020,2E3A23
http://www.wikidata.org/entity/Q35816261,RAL 6022,25221B
http://www.wikidata.org/entity/Q35816446,RAL 6024,308446
http://www.wikidata.org/entity/Q35816544,RAL 6025,3D642D
http://www.wikidata.org/entity/Q35816689,RAL 6026,015D52
http://www.wikidata.org/entity/Q35816857,RAL 6027,84C3BE
http://www.wikidata.org/entity/Q35817028,RAL 6028,2C5545
http://www.wikidata.org/entity/Q35817203,RAL 6029,20603D
http://www.wikidata.org/entity/Q35817385,RAL 6032,317F43
http://www.wikidata.org/entity/Q35817562,RAL 6033,497E76
http://www.wikidata.org/entity/Q35817739,RAL 6034,7FB5B5
http://www.wikidata.org/entity/Q35817930,RAL 6035,1C542D
http://www.wikidata.org/entity/Q35818103,RAL 6036,193737
http://www.wikidata.org/entity/Q35818292,RAL 6037,008F39
http://www.wikidata.org/entity/Q35818476,RAL 6038,00BB2D
http://www.wikidata.org/entity/Q35818661,RAL 7000,78858B
http://www.wikidata.org/entity/Q35818841,RAL 7001,8A9597
http://www.wikidata.org/entity/Q35819005,RAL 7002,7E7B52
http://www.wikidata.org/entity/Q35819195,RAL 7003,6C7059
http://www.wikidata.org/entity/Q35819377,RAL 7004,969992
http://www.wikidata.org/entity/Q35819554,RAL 7005,6B716F
http://www.wikidata.org/entity/Q35819720,RAL 7006,6D6552
http://www.wikidata.org/entity/Q35819884,RAL 7008,6A5F31
http://www.wikidata.org/entity/Q35820076,RAL 7009,4D5645
http://www.wikidata.org/entity/Q35820266,RAL 7010,4C514A
http://www.wikidata.org/entity/Q35820436,RAL 7011,52595D
http://www.wikidata.org/entity/Q35820622,RAL 7012,4E5754
http://www.wikidata.org/entity/Q35820797,RAL 7013,464531
http://www.wikidata.org/entity/Q35820981,RAL 7015,434750
http://www.wikidata.org/entity/Q35821163,RAL 7016,293133
http://www.wikidata.org/entity/Q35821341,RAL 7021,23282B
http://www.wikidata.org/entity/Q35821522,RAL 7022,332F2C
http://www.wikidata.org/entity/Q35821726,RAL 7023,686C5E
http://www.wikidata.org/entity/Q35821881,RAL 7024,474A51
http://www.wikidata.org/entity/Q35822050,RAL 7026,2F353B
http://www.wikidata.org/entity/Q35822205,RAL 7030,8B8C7A
http://www.wikidata.org/entity/Q35822371,RAL 7031,474B4E
http://www.wikidata.org/entity/Q35822512,RAL 7032,B8B799
http://www.wikidata.org/entity/Q35822662,RAL 7033,7D8471
http://www.wikidata.org/entity/Q35822819,RAL 7034,8F8B66
http://www.wikidata.org/entity/Q35823000,RAL 7035,CBD0CC
http://www.wikidata.org/entity/Q35823169,RAL 7036,7F7679
http://www.wikidata.org/entity/Q35823333,RAL 7037,7D7F7D
http://www.wikidata.org/entity/Q35823477,RAL 7038,B5B8B1
http://www.wikidata.org/entity/Q35823628,RAL 7039,6C6960
http://www.wikidata.org/entity/Q35823792,RAL 7040,9DA1AA
http://www.wikidata.org/entity/Q35823954,RAL 7042,8D948D
http://www.wikidata.org/entity/Q35824114,RAL 7043,4E5452
http://www.wikidata.org/entity/Q35824273,RAL 7044,CAC4B0
http://www.wikidata.org/entity/Q35824528,RAL 7045,909090
http://www.wikidata.org/entity/Q35824675,RAL 7046,82898F
http://www.wikidata.org/entity/Q35824816,RAL 7047,D0D0D0
http://www.wikidata.org/entity/Q35824957,RAL 7048,898176
http://www.wikidata.org/entity/Q35825105,RAL 8000,826C34
http://www.wikidata.org/entity/Q35825266,RAL 8001,955F20
http://www.wikidata.org/entity/Q35825438,RAL 8002,6C3B2A
http://www.wikidata.org/entity/Q35825438,RAL 8002,794D3E
http://www.wikidata.org/entity/Q35825605,RAL 8003,7E4B26
http://www.wikidata.org/entity/Q35825779,RAL 8004,8E402A
http://www.wikidata.org/entity/Q35825917,RAL 8007,59351F
http://www.wikidata.org/entity/Q35826061,RAL 8008,6F4F28
http://www.wikidata.org/entity/Q35826203,RAL 8011,5B3A29
http://www.wikidata.org/entity/Q35826345,RAL 8012,592321
http://www.wikidata.org/entity/Q35826472,RAL 8014,382C1E
http://www.wikidata.org/entity/Q35826550,RAL 8015,633A34
http://www.wikidata.org/entity/Q35826631,RAL 8016,4C2F27
http://www.wikidata.org/entity/Q35826695,RAL 8017,45322E
http://www.wikidata.org/entity/Q35826768,RAL 8019,403A3A
http://www.wikidata.org/entity/Q35826841,RAL 8022,212121
http://www.wikidata.org/entity/Q35826914,RAL 8023,A65E2E
http://www.wikidata.org/entity/Q35826979,RAL 8024,79553D
http://www.wikidata.org/entity/Q35827047,RAL 8025,755C48
http://www.wikidata.org/entity/Q35827109,RAL 8028,4E3B31
http://www.wikidata.org/entity/Q35827172,RAL 8029,763C28
http://www.wikidata.org/entity/Q35827236,RAL 9001,FDF4E3
http://www.wikidata.org/entity/Q35827305,RAL 9002,E7EBDA
http://www.wikidata.org/entity/Q35827385,RAL 9003,F4F4F4
http://www.wikidata.org/entity/Q35827472,RAL 9004,282828
http://www.wikidata.org/entity/Q35827533,RAL 9005,0E0E10
http://www.wikidata.org/entity/Q35827598,RAL 9006,A5A5A5
http://www.wikidata.org/entity/Q35827657,RAL 9007,8F8F8F
http://www.wikidata.org/entity/Q35827716,RAL 9010,F1ECE1
http://www.wikidata.org/entity/Q35827776,RAL 9011,1C1C1C
http://www.wikidata.org/entity/Q35827855,RAL 9016,F6F6F6
http://www.wikidata.org/entity/Q35827923,RAL 9017,1E1E1E
http://www.wikidata.org/entity/Q35827995,RAL 9018,CFD3CD
http://www.wikidata.org/entity/Q35828068,RAL 9022,9C9C9C
http://www.wikidata.org/entity/Q35828132,RAL 9023,828282
http://www.wikidata.org/entity/Q3941700,Rojo pompeyano,A22E37
http://www.wikidata.org/entity/Q5402922,Rosa naranja,FF9966
http://www.wikidata.org/entity/Q11515057,Rosicler,F19072
http://www.wikidata.org/entity/Q75737,Shocking pink,FF69B4
http://www.wikidata.org/entity/Q17105502,Verde bosque,228B22
http://www.wikidata.org/entity/Q373787,Verde primavera,00FF7F
http://www.wikidata.org/entity/Q372973,aguamarina,7FFFD4
http://www.wikidata.org/entity/Q1324818,albaricoque,FFE5B4
http://www.wikidata.org/entity/Q372669,alice blue,F0F8FF
http://www.wikidata.org/entity/Q454847,amaranto,E52B50
http://www.wikidata.org/entity/Q115413960,amarillento,FFFFE0
http://www.wikidata.org/entity/Q27777837,amarillo,FFFF00
http://www.wikidata.org/entity/Q943,amarillo,FFFF00
http://www.wikidata.org/entity/Q899295,amarillo Nápoles,F7E89F
http://www.wikidata.org/entity/Q116787059,amarillo brillante,FFFF00
http://www.wikidata.org/entity/Q116787059,amarillo brillante,FFE900
http://www.wikidata.org/entity/Q116787059,amarillo brillante,FFEA00
http://www.wikidata.org/entity/Q3762375,amarillo cadmio,FFF600
http://www.wikidata.org/entity/Q55611196,amarillo indio,E3A857
http://www.wikidata.org/entity/Q119953849,amarillo pálido,FFFFA7
http://www.wikidata.org/entity/Q21864306,amarillo-verde,9ACD32
http://www.wikidata.org/entity/Q2631989,amatista,9966CC
http://www.wikidata.org/entity/Q2085487,ante,F0DC82
http://www.wikidata.org/entity/Q2085487,ante,E0AB76
http://www.wikidata.org/entity/Q372733,aqua,00FFFF
http://www.wikidata.org/entity/Q9303163,arena,EDC9AF
http://www.wikidata.org/entity/Q17122740,avellana,5A391C
http://www.wikidata.org/entity/Q2725283,azafrán,F4C430
http://www.wikidata.org/entity/Q17122834,azul,608090
http://www.wikidata.org/entity/Q1088,azul,0000FF
http://www.wikidata.org/entity/Q10862213,azul Bondi,0095B6
http://www.wikidata.org/entity/Q5404819,azul Eton,96C8A2
http://www.wikidata.org/entity/Q953243,azul Francia,002366
http://www.wikidata.org/entity/Q950159,azul Tiffany,81D8D0
http://www.wikidata.org/entity/Q1003676,azul acero,4682B4
http://www.wikidata.org/entity/Q2021643,azul aciano,6495ED
http://www.wikidata.org/entity/Q2906465,azul carreta,8EA2C6
http://www.wikidata.org/entity/Q61600018,azul claro,6888A0
http://www.wikidata.org/entity/Q425278,azul cobalto,0047AB
http://www.wikidata.org/entity/Q5312932,azul de Duke,012169
http://www.wikidata.org/entity/Q253181,azul egipcio,1034A6
http://www.wikidata.org/entity/Q373586,azul eléctrico,7DF9FF
http://www.wikidata.org/entity/Q23931911,azul eléctrico iridiscente,3137FD
http://www.wikidata.org/entity/Q23931909,azul eléctrico profundo,2C75FF
http://www.wikidata.org/entity/Q4928721,azul gris,6699CC
http://www.wikidata.org/entity/Q42845936,azul grisáceo,708090
http://www.wikidata.org/entity/Q5975887,azul marino,000080
http://www.wikidata.org/entity/Q5975887,azul marino,000080
http://www.wikidata.org/entity/Q901499,azul maya,73C2FB
http://www.wikidata.org/entity/Q947638,azul noche,0F056B
http://www.wikidata.org/entity/Q3641131,azul oscuro,00008B
http://www.wikidata.org/entity/Q3641130,azul pavo real,004958
http://www.wikidata.org/entity/Q2545722,azul persa,1C39BB
http://www.wikidata.org/entity/Q2906519,azul petróleo,006374
http://www.wikidata.org/entity/Q84430532,azul turquesa,00FFEF
http://www.wikidata.org/entity/Q646964,azul verde,009C8C
http://www.wikidata.org/entity/Q646964,azul verde,009C8C
http://www.wikidata.org/entity/Q646964,azul verde,0D98BA
http://www.wikidata.org/entity/Q646964,azul verde,0D98BA
http://www.wikidata.org/entity/Q646964,azul verde,80FFCE
http://www.wikidata.org/entity/Q646964,azul verde,80FFCE
http://www.wikidata.org/entity/Q3375649,azul verdoso,608070
http://www.wikidata.org/entity/Q16039699,azul violeta,324AB2
http://www.wikidata.org/entity/Q14946424,azul-violeta,8A2BE2
http://www.wikidata.org/entity/Q373058,azure,007FFF
http://www.wikidata.org/entity/Q373058,azure,F0FFFF
http://www.wikidata.org/entity/Q5967009,añil,4B0082
http://www.wikidata.org/entity/Q5967009,añil,4B0082
http://www.wikidata.org/entity/Q843607,beige,F5F5DC
http://www.wikidata.org/entity/Q1403218,berenjena,614051
http://www.wikidata.org/entity/Q4100014,bermejo,80461B
http://www.wikidata.org/entity/Q2419551,bermejo,A52A2A
http://www.wikidata.org/entity/Q737438,bermellón,E34234
http://www.wikidata.org/entity/Q23444,blanco,FFFFFF
http://www.wikidata.org/entity/Q23444,blanco,FFFFFF
http://www.wikidata.org/entity/Q62391724,blanco,FFFFFF
http://www.wikidata.org/entity/Q3639443,blanco antiguo,FAEBD7
http://www.wikidata.org/entity/Q3639460,blanco de titanio,FFFEEF
http://www.wikidata.org/entity/Q22963968,blanco humo,F5F5F5
http://www.wikidata.org/entity/Q18657742,blanco litopón,FFFFFF
http://www.wikidata.org/entity/Q1406286,blanco navajo,FFDEAD
http://www.wikidata.org/entity/Q797446,borgoña,800020
http://www.wikidata.org/entity/Q2778382,bronce,CD7F32
http://www.wikidata.org/entity/Q1670336,bronceado,D2B48C
http://www.wikidata.org/entity/Q10859033,burdeos,800032
http://www.wikidata.org/entity/Q2932937,café,6F4E37
http://www.wikidata.org/entity/Q2510690,café cortado cósmico,FFF8E7
http://www.wikidata.org/entity/Q2564184,calabaza,FF7518
http://www.wikidata.org/entity/Q17082553,camello,C19A6B
http://www.wikidata.org/entity/Q2936397,canela,D27D2D
http://www.wikidata.org/entity/Q958012,caoba,C04000
http://www.wikidata.org/entity/Q650770,caqui,C3B091
http://www.wikidata.org/entity/Q1426821,cardenal,C41E3A
http://www.wikidata.org/entity/Q303826,carmesí,DC143C
http://www.wikidata.org/entity/Q10296772,carmín,960018
http://www.wikidata.org/entity/Q4727574,carmín de alizarina,E32636
http://www.wikidata.org/entity/Q2040833,castaño,954535
http://www.wikidata.org/entity/Q71404162,castaño claro,B5651D
http://www.wikidata.org/entity/Q373160,celeste,B2FFFF
http://www.wikidata.org/entity/Q373160,celeste,77B5FE
http://www.wikidata.org/entity/Q373160,celeste,007FFF
http://www.wikidata.org/entity/Q2334511,cereza,DE3163
http://www.wikidata.org/entity/Q313120,cerúleo,007BA7
http://www.wikidata.org/entity/Q313120,cerúleo,9BB7D4
http://www.wikidata.org/entity/Q1153119,chartreuse,B2D63F
http://www.wikidata.org/entity/Q3309916,chocolate,7B3F00
http://www.wikidata.org/entity/Q180778,cian,00FFFF
http://www.wikidata.org/entity/Q2722041,cobre,B87333
http://www.wikidata.org/entity/Q7441815,concha,FFF5EE
http://www.wikidata.org/entity/Q2411228,coral,FF7F50
http://www.wikidata.org/entity/Q2411228,coral,FF4040
http://www.wikidata.org/entity/Q5170059,cordobán,893F45
http://www.wikidata.org/entity/Q5170059,cordobán,893F45
http://www.wikidata.org/entity/Q2730433,crema,FFFDD0
http://www.wikidata.org/entity/Q5148721,durazno,FFE5B4
http://www.wikidata.org/entity/Q131392587,el verde saudí,005430
http://www.wikidata.org/entity/Q2268159,escarlata,FF2400
http://www.wikidata.org/entity/Q492192,feldgrau,4D5D53
http://www.wikidata.org/entity/Q3080423,frambuesa,E30B5C
http://www.wikidata.org/entity/Q5005364,fucsia,FF00FF
http://www.wikidata.org/entity/Q5005364,fucsia,FF00FF
http://www.wikidata.org/entity/Q972729,gamuza,E8BD85
http://www.wikidata.org/entity/Q310115,glauco,79A0C1
http://www.wikidata.org/entity/Q3116435,granadina,E9383F
http://www.wikidata.org/entity/Q25393814,granate,800000
http://www.wikidata.org/entity/Q25393814,granate,800000
http://www.wikidata.org/entity/Q25393814,granate,C32148
http://www.wikidata.org/entity/Q25393814,granate,C32148
http://www.wikidata.org/entity/Q244822,granate,B30033
http://www.wikidata.org/entity/Q17245659,gris,707070
http://www.wikidata.org/entity/Q42519,gris,808080
http://www.wikidata.org/entity/Q42519,gris,808080
http://www.wikidata.org/entity/Q3116788,gris acerado,AFAFAF
http://www.wikidata.org/entity/Q3776734,gris cadete,91A3B0
http://www.wikidata.org/entity/Q24837023,gris claro,D3D3D3
http://www.wikidata.org/entity/Q3116794,gris de Payne,536878
http://www.wikidata.org/entity/Q25614085,gris oscuro,404040
http://www.wikidata.org/entity/Q25614085,gris oscuro,404040
http://www.wikidata.org/entity/Q25614085,gris oscuro,A9A9A9
http://www.wikidata.org/entity/Q25614085,gris oscuro,A9A9A9
http://www.wikidata.org/entity/Q2285791,gris plateado,9C9496
http://www.wikidata.org/entity/Q3117006,grosella,CF0A1D
http://www.wikidata.org/entity/Q909115,gutagamba,E49B0F
http://www.wikidata.org/entity/Q543923,herrumbre,B7410E
http://www.wikidata.org/entity/Q2906500,humo,848884
http://www.wikidata.org/entity/Q536284,hígado,603C1A
http://www.wikidata.org/entity/Q18627178,iceberg,71A6D2
http://www.wikidata.org/entity/Q628657,jade,1B4D3E
http://www.wikidata.org/entity/Q6161740,jazmín,F8DE7E
http://www.wikidata.org/entity/Q2925617,ladrillo,842E1B
http://www.wikidata.org/entity/Q6502169,lava,CF1020
http://www.wikidata.org/entity/Q2468392,lavanda,B57EDC
http://www.wikidata.org/entity/Q12894641,lila,BF00FF
http://www.wikidata.org/entity/Q12894641,lila,C8A2C8
http://www.wikidata.org/entity/Q906936,lima,00FF00
http://www.wikidata.org/entity/Q906936,lima,00FF00
http://www.wikidata.org/entity/Q906936,lima,32CD32
http://www.wikidata.org/entity/Q906936,lima,32CD32
http://www.wikidata.org/entity/Q906936,lima,BFFF00
http://www.wikidata.org/entity/Q906936,lima,BFFF00
http://www.wikidata.org/entity/Q2720565,limón,FFF700
http://www.wikidata.org/entity/Q3116792,lino,FAF0E6
http://www.wikidata.org/entity/Q10747136,llama,E25822
http://www.wikidata.org/entity/Q10747136,llama,F98F1D
http://www.wikidata.org/entity/Q3276756,magenta,FF00FF
http://www.wikidata.org/entity/Q3276756,magenta,FF00FF
http://www.wikidata.org/entity/Q604079,malva,E0B0FF
http://www.wikidata.org/entity/Q1358981,marfil,FFFFF0
http://www.wikidata.org/entity/Q1358981,marfil,FFFFF0
http://www.wikidata.org/entity/Q47071,marrón,964B00
http://www.wikidata.org/entity/Q47071,marrón,964B00
http://www.wikidata.org/entity/Q17122705,marrón castaño,800000
http://www.wikidata.org/entity/Q79399164,marrón claro,704030
http://www.wikidata.org/entity/Q79483632,marrón claro,B5651D
http://www.wikidata.org/entity/Q17244894,marrón oscuro,600000
http://www.wikidata.org/entity/Q3985184,marrón oscuro,754909
http://www.wikidata.org/entity/Q19888352,marrón-oliva,645403
http://www.wikidata.org/entity/Q19888381,marrón-púrpura,67393F
http://www.wikidata.org/entity/Q19888381,marrón-púrpura,6D4146
http://www.wikidata.org/entity/Q19888381,marrón-púrpura,6A4540
http://www.wikidata.org/entity/Q19888381,marrón-púrpura,6B3B44
http://www.wikidata.org/entity/Q19888381,marrón-púrpura,673A3F
http://www.wikidata.org/entity/Q3843568,maíz,FBEC5D
http://www.wikidata.org/entity/Q1627085,miel,BC9337
http://www.wikidata.org/entity/Q3858954,mirto,21421E
http://www.wikidata.org/entity/Q218218,mora,572364
http://www.wikidata.org/entity/Q218218,mora,4A2364
http://www.wikidata.org/entity/Q218218,mora,C54B8C
http://www.wikidata.org/entity/Q61600225,morado claro,BF77F6
http://www.wikidata.org/entity/Q19571398,morado oscuro,301934
http://www.wikidata.org/entity/Q1169566,mostaza,FFDB58
http://www.wikidata.org/entity/Q39338,naranja,FF7F00
http://www.wikidata.org/entity/Q16645086,naranja-amarillento,FFAA33
http://www.wikidata.org/entity/Q16645086,naranja-amarillento,FFAE42
http://www.wikidata.org/entity/Q17244465,negro,201010
http://www.wikidata.org/entity/Q23445,negro,000000
http://www.wikidata.org/entity/Q23445,negro,000000
http://www.wikidata.org/entity/Q23445,negro,000000
http://www.wikidata.org/entity/Q11696368,ocaso,FAD6A5
http://www.wikidata.org/entity/Q194191,ocre,CC7722
http://www.wikidata.org/entity/Q208045,oro,FFD700
http://www.wikidata.org/entity/Q7622361,pajizo,E4D96F
http://www.wikidata.org/entity/Q2138972,pardo claro,E5AA70
http://www.wikidata.org/entity/Q71405932,pardo rojizo,A52A2A
http://www.wikidata.org/entity/Q2617229,pervinca,CCCCFF
http://www.wikidata.org/entity/Q317802,plata,C0C0C0
http://www.wikidata.org/entity/Q317802,plata,C0C0C0
http://www.wikidata.org/entity/Q2591774,pulga,CC8899
http://www.wikidata.org/entity/Q3257809,púrpura,800080
http://www.wikidata.org/entity/Q3257809,púrpura,800080
http://www.wikidata.org/entity/Q17126729,rojo,FF0000
http://www.wikidata.org/entity/Q3142,rojo,FF0000
http://www.wikidata.org/entity/Q2996915,rojo amapola,FF3800
http://www.wikidata.org/entity/Q115863738,rojo cobrizo,CB6D51
http://www.wikidata.org/entity/Q498423,rojo de Falun,801818
http://www.wikidata.org/entity/Q3443208,rojo de cadmio,E30022
http://www.wikidata.org/entity/Q3149822,rojo encarnado,FF6F7D
http://www.wikidata.org/entity/Q16831078,rojo indio,CD5C5C
http://www.wikidata.org/entity/Q5223370,rojo oscuro,8B0000
http://www.wikidata.org/entity/Q1168275,rojo persa,CC3333
http://www.wikidata.org/entity/Q52367965,rojo purpura,953553
http://www.wikidata.org/entity/Q48988258,rojo sangre,660000
http://www.wikidata.org/entity/Q48988258,rojo sangre,830303
http://www.wikidata.org/entity/Q48988258,rojo sangre,AA0000
http://www.wikidata.org/entity/Q48988258,rojo sangre,7E3517
http://www.wikidata.org/entity/Q48988258,rojo sangre,AF111C
http://www.wikidata.org/entity/Q2516404,rojo tráfico,C1121C
http://www.wikidata.org/entity/Q2516404,rojo tráfico,CC0605
http://www.wikidata.org/entity/Q1402829,rojo violáceo,C71585
http://www.wikidata.org/entity/Q62058583,rojo-naranja,FF5349
http://www.wikidata.org/entity/Q429220,rosa,FFC0DB
http://www.wikidata.org/entity/Q6826076,rosa mexicano,F50087
http://www.wikidata.org/entity/Q19364263,rosa palo,DD969C
http://www.wikidata.org/entity/Q19364263,rosa palo,FADADD
http://www.wikidata.org/entity/Q533047,rosa vivo,FF007F
http://www.wikidata.org/entity/Q1632621,rosso corsa,CC0000
http://www.wikidata.org/entity/Q1632621,rosso corsa,CC0000
http://www.wikidata.org/entity/Q1632621,rosso corsa,CC0000
http://www.wikidata.org/entity/Q22133966,rosáceo,DB5079
http://www.wikidata.org/entity/Q3446513,rubí,E0115F
http://www.wikidata.org/entity/Q7377969,rufo,A81C07
http://www.wikidata.org/entity/Q2015138,salmón,FA8072
http://www.wikidata.org/entity/Q2015138,salmón,FA8072
http://www.wikidata.org/entity/Q2015138,salmón,FF91A4
http://www.wikidata.org/entity/Q2015138,salmón,FF91A4
http://www.wikidata.org/entity/Q90809293,salmón oscuro,E9967A
http://www.wikidata.org/entity/Q2013559,sangre de buey,730800
http://www.wikidata.org/entity/Q767608,sepia,704214
http://www.wikidata.org/entity/Q899318,siena,A0522D
http://www.wikidata.org/entity/Q2303165,sinopia,CB410B
http://www.wikidata.org/entity/Q2836489,tawny,CD5700
http://www.wikidata.org/entity/Q3518540,terracota,CC4E5C
http://www.wikidata.org/entity/Q3518540,terracota,E2725B
http://www.wikidata.org/entity/Q2906904,tiziano,BD5620
http://www.wikidata.org/entity/Q6592940,tomate,FF6347
http://www.wikidata.org/entity/Q6592940,tomate,D5303E
http://www.wikidata.org/entity/Q958363,trigo,F5DEB3
http://www.wikidata.org/entity/Q5960345,turquesa,40E0D0
http://www.wikidata.org/entity/Q5960345,turquesa,30D5C8
http://www.wikidata.org/entity/Q5960345,turquesa,45B5AA
http://www.wikidata.org/entity/Q10862356,turquí,122562
http://www.wikidata.org/entity/Q901731,umbra,635147
http://www.wikidata.org/entity/Q7914921,vainilla,F3E5AB
http://www.wikidata.org/entity/Q13550497,vara de oro,DAA520
http://www.wikidata.org/entity/Q13550497,vara de oro,DAA520
http://www.wikidata.org/entity/Q13550497,vara de oro,FCD667
http://www.wikidata.org/entity/Q13550497,vara de oro,FCD667
http://www.wikidata.org/entity/Q17122854,verde,707020
http://www.wikidata.org/entity/Q3133,verde,00FF00
http://www.wikidata.org/entity/Q6551204,verde Lincoln,195905
http://www.wikidata.org/entity/Q2266769,verde Veronés,40826D
http://www.wikidata.org/entity/Q1078214,verde azulado,008080
http://www.wikidata.org/entity/Q1078214,verde azulado,008080
http://www.wikidata.org/entity/Q15141723,verde claro,66FF00
http://www.wikidata.org/entity/Q18627185,verde de Dartmouth,00703C
http://www.wikidata.org/entity/Q2465494,verde esmeralda,009473
http://www.wikidata.org/entity/Q2465494,verde esmeralda,50C878
http://www.wikidata.org/entity/Q2465494,verde esmeralda,00785D
http://www.wikidata.org/entity/Q1406264,verde giallo,ADFF2F
http://www.wikidata.org/entity/Q22963919,verde laurel,A9BA9D
http://www.wikidata.org/entity/Q89190389,verde manzana,679267
http://www.wikidata.org/entity/Q89190389,verde manzana,8DB600
http://www.wikidata.org/entity/Q89190389,verde manzana,44944A
http://www.wikidata.org/entity/Q89190389,verde manzana,7E9F2E
http://www.wikidata.org/entity/Q89190389,verde manzana,8A9A5B
http://www.wikidata.org/entity/Q89190389,verde manzana,93C592
http://www.wikidata.org/entity/Q864152,verde oliva,808000
http://www.wikidata.org/entity/Q864152,verde oliva,808000
http://www.wikidata.org/entity/Q22963901,verde oscuro,006400
http://www.wikidata.org/entity/Q3389253,verde pistacho,94C573
http://www.wikidata.org/entity/Q90878152,verde pálido,98FB98
http://www.wikidata.org/entity/Q22963960,verde-amarillo,ADFF2F
http://www.wikidata.org/entity/Q3014419,vino,722F37
http://www.wikidata.org/entity/Q3014419,vino,AC1E44
http://www.wikidata.org/entity/Q3014419,vino,C0007F
http://www.wikidata.org/entity/Q27839441,violeta,AD5AFF
http://www.wikidata.org/entity/Q428124,violeta,7F00FF
http://www.wikidata.org/entity/Q428124,violeta,7F00FF
http://www.wikidata.org/entity/Q2294908,zafiro,082567
http://www.wikidata.org/entity/Q679355,ámbar,FFBF00
